zip_code,state_code,county_name,county_fips,has_zori_data,zori_metro_name,zordi_metro_match,zordi_metro_name,has_zordi_data,reason,investment_score_exists,bedroom_count,fmr_year
01003,MA,"Hampshire",25015,false,,false,,false,"No ZORI data",false,,
01004,MA,"Hampshire",25015,false,,false,,false,"No ZORI data",false,,
01009,MA,"Hampden",25013,false,,false,,false,"No ZORI data",false,,
01014,MA,"Hampden",25013,false,,false,,false,"No ZORI data",false,,
01021,MA,"Hampden",25013,false,,false,,false,"No ZORI data",false,,
01029,MA,"Berkshire",25003,false,,false,,false,"No ZORI data",false,,
01039,MA,"Franklin",25011,false,,false,,false,"No ZORI data",false,,
01039,MA,"Hampshire",25015,false,,false,,false,"No ZORI data",false,,
01041,MA,"Hampden",25013,false,,false,,false,"No ZORI data",false,,
01059,MA,"Hampshire",25015,false,,false,,false,"No ZORI data",false,,
01061,MA,"Hampshire",25015,false,,false,,false,"No ZORI data",false,,
01063,MA,"Hampshire",25015,false,,false,,false,"No ZORI data",false,,
01066,MA,"Hampshire",25015,false,,false,,false,"No ZORI data",false,,
01074,MA,"Worcester",25027,false,,false,,false,"No ZORI data",false,,
01079,MA,"Hampden",25013,false,,false,,false,"No ZORI data",false,,
01084,MA,"Hampshire",25015,false,,false,,false,"No ZORI data",false,,
01086,MA,"Hampden",25013,false,,false,,false,"No ZORI data",false,,
01088,MA,"Hampshire",25015,false,,false,,false,"No ZORI data",false,,
01090,MA,"Hampden",25013,false,,false,,false,"No ZORI data",false,,
01092,MA,"Worcester",25027,false,,false,,false,"No ZORI data",false,,
01094,MA,"Worcester",25027,false,,false,,false,"No ZORI data",false,,
01097,MA,"Hampden",25013,false,,false,,false,"No ZORI data",false,,
01101,MA,"Hampden",25013,false,,false,,false,"No ZORI data",false,,
01111,MA,"Hampden",25013,false,,false,,false,"No ZORI data",false,,
01115,MA,"Hampden",25013,false,,false,,false,"No ZORI data",false,,
01116,MA,"Hampden",25013,false,,false,,false,"No ZORI data",false,,
01138,MA,"Hampden",25013,false,,false,,false,"No ZORI data",false,,
01139,MA,"Hampden",25013,false,,false,,false,"No ZORI data",false,,
01144,MA,"Hampden",25013,false,,false,,false,"No ZORI data",false,,
01152,MA,"Hampden",25013,false,,false,,false,"No ZORI data",false,,
01199,MA,"Hampden",25013,false,,false,,false,"No ZORI data",false,,
01202,MA,"Berkshire",25003,false,,false,,false,"No ZORI data",false,,
01224,MA,"Berkshire",25003,false,,false,,false,"No ZORI data",false,,
01227,MA,"Berkshire",25003,false,,false,,false,"No ZORI data",false,,
01229,MA,"Berkshire",25003,false,,false,,false,"No ZORI data",false,,
01236,MA,"Berkshire",25003,false,,false,,false,"No ZORI data",false,,
01242,MA,"Berkshire",25003,false,,false,,false,"No ZORI data",false,,
01243,MA,"Hampshire",25015,false,,false,,false,"No ZORI data",false,,
01244,MA,"Berkshire",25003,false,,false,,false,"No ZORI data",false,,
01252,MA,"Berkshire",25003,false,,false,,false,"No ZORI data",false,,
01260,MA,"Berkshire",25003,false,,false,,false,"No ZORI data",false,,
01263,MA,"Berkshire",25003,false,,false,,false,"No ZORI data",false,,
01302,MA,"Franklin",25011,false,,false,,false,"No ZORI data",false,,
01338,MA,"Franklin",25011,false,,false,,false,"No ZORI data",false,,
01343,MA,"Berkshire",25003,false,,false,,false,"No ZORI data",false,,
01343,MA,"Franklin",25011,false,,false,,false,"No ZORI data",false,,
01347,MA,"Franklin",25011,false,,false,,false,"No ZORI data",false,,
01350,MA,"Franklin",25011,false,,false,,false,"No ZORI data",false,,
01380,MA,"Franklin",25011,false,,false,,false,"No ZORI data",false,,
01438,MA,"Worcester",25027,false,,false,,false,"No ZORI data",false,,
01441,MA,"Worcester",25027,false,,false,,false,"No ZORI data",false,,
01467,MA,"Worcester",25027,false,,false,,false,"No ZORI data",false,,
01472,MA,"Middlesex",25017,false,,false,,false,"No ZORI data",false,,
01508,MA,"Worcester",25027,false,,false,,false,"No ZORI data",false,,
01509,MA,"Worcester",25027,false,,false,,false,"No ZORI data",false,,
01525,MA,"Worcester",25027,false,,false,,false,"No ZORI data",false,,
01526,MA,"Worcester",25027,false,,false,,false,"No ZORI data",false,,
01537,MA,"Worcester",25027,false,,false,,false,"No ZORI data",false,,
01538,MA,"Worcester",25027,false,,false,,false,"No ZORI data",false,,
01542,MA,"Worcester",25027,false,,false,,false,"No ZORI data",false,,
01546,MA,"Worcester",25027,false,,false,,false,"No ZORI data",false,,
01561,MA,"Worcester",25027,false,,false,,false,"No ZORI data",false,,
01586,MA,"Worcester",25027,false,,false,,false,"No ZORI data",false,,
01613,MA,"Worcester",25027,false,,false,,false,"No ZORI data",false,,
01653,MA,"Worcester",25027,false,,false,,false,"No ZORI data",false,,
01655,MA,"Worcester",25027,false,,false,,false,"No ZORI data",false,,
01703,MA,"Middlesex",25017,false,,false,,false,"No ZORI data",false,,
01704,MA,"Middlesex",25017,false,,false,,false,"No ZORI data",false,,
01731,MA,"Middlesex",25017,false,,false,,false,"No ZORI data",false,,
01745,MA,"Worcester",25027,false,,false,,false,"No ZORI data",false,,
01784,MA,"Middlesex",25017,false,,false,,false,"No ZORI data",false,,
01805,MA,"Middlesex",25017,false,,false,,false,"No ZORI data",false,,
01812,MA,"Essex",25009,false,,false,,false,"No ZORI data",false,,
01822,MA,"Middlesex",25017,false,,false,,false,"No ZORI data",false,,
01831,MA,"Essex",25009,false,,false,,false,"No ZORI data",false,,
01840,MA,"Essex",25009,false,,false,,false,"No ZORI data",false,,
01842,MA,"Essex",25009,false,,false,,false,"No ZORI data",false,,
01853,MA,"Middlesex",25017,false,,false,,false,"No ZORI data",false,,
01864,MA,"Middlesex",25017,false,,false,,false,"No ZORI data",false,,
01865,MA,"Middlesex",25017,false,,false,,false,"No ZORI data",false,,
01866,MA,"Middlesex",25017,false,,false,,false,"No ZORI data",false,,
01885,MA,"Essex",25009,false,,false,,false,"No ZORI data",false,,
01888,MA,"Middlesex",25017,false,,false,,false,"No ZORI data",false,,
01889,MA,"Middlesex",25017,false,,false,,false,"No ZORI data",false,,
01899,MA,"Essex",25009,false,,false,,false,"No ZORI data",false,,
01903,MA,"Essex",25009,false,,false,,false,"No ZORI data",false,,
01910,MA,"Essex",25009,false,,false,,false,"No ZORI data",false,,
01931,MA,"Essex",25009,false,,false,,false,"No ZORI data",false,,
01936,MA,"Essex",25009,false,,false,,false,"No ZORI data",false,,
01937,MA,"Essex",25009,false,,false,,false,"No ZORI data",false,,
01961,MA,"Essex",25009,false,,false,,false,"No ZORI data",false,,
01965,MA,"Essex",25009,false,,false,,false,"No ZORI data",false,,
01971,MA,"Essex",25009,false,,false,,false,"No ZORI data",false,,
02018,MA,"Plymouth",25023,false,,false,,false,"No ZORI data",false,,
02020,MA,"Plymouth",25023,false,,false,,false,"No ZORI data",false,,
02027,MA,"Norfolk",25021,false,,false,,false,"No ZORI data",false,,
02041,MA,"Plymouth",25023,false,,false,,false,"No ZORI data",false,,
02044,MA,"Plymouth",25023,false,,false,,false,"No ZORI data",false,,
02047,MA,"Plymouth",25023,false,,false,,false,"No ZORI data",false,,
02051,MA,"Plymouth",25023,false,,false,,false,"No ZORI data",false,,
02059,MA,"Plymouth",25023,false,,false,,false,"No ZORI data",false,,
02060,MA,"Plymouth",25023,false,,false,,false,"No ZORI data",false,,
02065,MA,"Plymouth",25023,false,,false,,false,"No ZORI data",false,,
02070,MA,"Norfolk",25021,false,,false,,false,"No ZORI data",false,,
02112,MA,"Suffolk",25025,false,,false,,false,"No ZORI data",false,,
02117,MA,"Suffolk",25025,false,,false,,false,"No ZORI data",false,,
02123,MA,"Suffolk",25025,false,,false,,false,"No ZORI data",false,,
02133,MA,"Suffolk",25025,false,,false,,false,"No ZORI data",false,,
02137,MA,"Suffolk",25025,false,,false,,false,"No ZORI data",false,,
02163,MA,"Suffolk",25025,false,,false,,false,"No ZORI data",false,,
02185,MA,"Norfolk",25021,false,,false,,false,"No ZORI data",false,,
02196,MA,"Suffolk",25025,false,,false,,false,"No ZORI data",false,,
02199,MA,"Suffolk",25025,false,,false,,false,"No ZORI data",false,,
02201,MA,"Suffolk",25025,false,,false,,false,"No ZORI data",false,,
02203,MA,"Suffolk",25025,false,,false,,false,"No ZORI data",false,,
02205,MA,"Suffolk",25025,false,,false,,false,"No ZORI data",false,,
02217,MA,"Suffolk",25025,false,,false,,false,"No ZORI data",false,,
02222,MA,"Suffolk",25025,false,,false,,false,"No ZORI data",false,,
02238,MA,"Middlesex",25017,false,,false,,false,"No ZORI data",false,,
02269,MA,"Norfolk",25021,false,,false,,false,"No ZORI data",false,,
02303,MA,"Plymouth",25023,false,,false,,false,"No ZORI data",false,,
02304,MA,"Plymouth",25023,false,,false,,false,"No ZORI data",false,,
02305,MA,"Plymouth",25023,false,,false,,false,"No ZORI data",false,,
02325,MA,"Plymouth",25023,false,,false,,false,"No ZORI data",false,,
02327,MA,"Plymouth",25023,false,,false,,false,"No ZORI data",false,,
02331,MA,"Plymouth",25023,false,,false,,false,"No ZORI data",false,,
02334,MA,"Bristol",25005,false,,false,,false,"No ZORI data",false,,
02337,MA,"Plymouth",25023,false,,false,,false,"No ZORI data",false,,
02344,MA,"Plymouth",25023,false,,false,,false,"No ZORI data",false,,
02345,MA,"Plymouth",25023,false,,false,,false,"No ZORI data",false,,
02348,MA,"Plymouth",25023,false,,false,,false,"No ZORI data",false,,
02349,MA,"Plymouth",25023,false,,false,,false,"No ZORI data",false,,
02350,MA,"Plymouth",25023,false,,false,,false,"No ZORI data",false,,
02355,MA,"Plymouth",25023,false,,false,,false,"No ZORI data",false,,
02357,MA,"Bristol",25005,false,,false,,false,"No ZORI data",false,,
02358,MA,"Plymouth",25023,false,,false,,false,"No ZORI data",false,,
02361,MA,"Plymouth",25023,false,,false,,false,"No ZORI data",false,,
02362,MA,"Plymouth",25023,false,,false,,false,"No ZORI data",false,,
02366,MA,"Plymouth",25023,false,,false,,false,"No ZORI data",false,,
02381,MA,"Plymouth",25023,false,,false,,false,"No ZORI data",false,,
02447,MA,"Norfolk",25021,false,,false,,false,"No ZORI data",false,,
02454,MA,"Middlesex",25017,false,,false,,false,"No ZORI data",false,,
02455,MA,"Middlesex",25017,false,,false,,false,"No ZORI data",false,,
02471,MA,"Middlesex",25017,false,,false,,false,"No ZORI data",false,,
02477,MA,"Middlesex",25017,false,,false,,false,"No ZORI data",false,,
02534,MA,"Barnstable",25001,false,,false,,false,"No ZORI data",false,,
02541,MA,"Barnstable",25001,false,,false,,false,"No ZORI data",false,,
02542,MA,"Barnstable",25001,false,,false,,false,"No ZORI data",false,,
02552,MA,"Dukes",25007,false,,false,,false,"No ZORI data",false,,
02553,MA,"Barnstable",25001,false,,false,,false,"No ZORI data",false,,
02558,MA,"Plymouth",25023,false,,false,,false,"No ZORI data",false,,
02561,MA,"Barnstable",25001,false,,false,,false,"No ZORI data",false,,
02564,MA,"Nantucket",25019,false,,false,,false,"No ZORI data",false,,
02574,MA,"Barnstable",25001,false,,false,,false,"No ZORI data",false,,
02584,MA,"Nantucket",25019,false,,false,,false,"No ZORI data",false,,
02634,MA,"Barnstable",25001,false,,false,,false,"No ZORI data",false,,
02637,MA,"Barnstable",25001,false,,false,,false,"No ZORI data",false,,
02641,MA,"Barnstable",25001,false,,false,,false,"No ZORI data",false,,
02643,MA,"Barnstable",25001,false,,false,,false,"No ZORI data",false,,
02647,MA,"Barnstable",25001,false,,false,,false,"No ZORI data",false,,
02651,MA,"Barnstable",25001,false,,false,,false,"No ZORI data",false,,
02652,MA,"Barnstable",25001,false,,false,,false,"No ZORI data",false,,
02661,MA,"Barnstable",25001,false,,false,,false,"No ZORI data",false,,
02662,MA,"Barnstable",25001,false,,false,,false,"No ZORI data",false,,
02663,MA,"Barnstable",25001,false,,false,,false,"No ZORI data",false,,
02669,MA,"Barnstable",25001,false,,false,,false,"No ZORI data",false,,
02672,MA,"Barnstable",25001,false,,false,,false,"No ZORI data",false,,
02712,MA,"Bristol",25005,false,,false,,false,"No ZORI data",false,,
02713,MA,"Dukes",25007,false,,false,,false,"No ZORI data",false,,
02718,MA,"Bristol",25005,false,,false,,false,"No ZORI data",false,,
02722,MA,"Bristol",25005,false,,false,,false,"No ZORI data",false,,
02741,MA,"Bristol",25005,false,,false,,false,"No ZORI data",false,,
02742,MA,"Bristol",25005,false,,false,,false,"No ZORI data",false,,
02761,MA,"Bristol",25005,false,,false,,false,"No ZORI data",false,,
02764,MA,"Bristol",25005,false,,false,,false,"No ZORI data",false,,
02768,MA,"Bristol",25005,false,,false,,false,"No ZORI data",false,,
02791,MA,"Bristol",25005,false,,false,,false,"No ZORI data",false,,
00501,NY,"Suffolk",36103,false,,false,,false,"No ZORI data",false,,
00601,PR,"Adjuntas Municipio",72001,false,,false,,false,"No ZORI data",false,,
00601,PR,"Lares Municipio",72081,false,,false,,false,"No ZORI data",false,,
00602,PR,"Aguada Municipio",72003,false,,false,,false,"No ZORI data",false,,
00602,PR,"Aguadilla Municipio",72005,false,,false,,false,"No ZORI data",false,,
00602,PR,"Rincón Municipio",72117,false,,false,,false,"No ZORI data",false,,
00603,PR,"Aguadilla Municipio",72005,false,,false,,false,"No ZORI data",false,,
00603,PR,"Isabela Municipio",72071,false,,false,,false,"No ZORI data",false,,
00603,PR,"Moca Municipio",72099,false,,false,,false,"No ZORI data",false,,
00604,PR,"Aguadilla Municipio",72005,false,,false,,false,"No ZORI data",false,,
00605,PR,"Aguadilla Municipio",72005,false,,false,,false,"No ZORI data",false,,
00606,PR,"Maricao Municipio",72093,false,,false,,false,"No ZORI data",false,,
00610,PR,"Añasco Municipio",72011,false,,false,,false,"No ZORI data",false,,
00611,PR,"Utuado Municipio",72141,false,,false,,false,"No ZORI data",false,,
00612,PR,"Arecibo Municipio",72013,false,,false,,false,"No ZORI data",false,,
00612,PR,"Barceloneta Municipio",72017,false,,false,,false,"No ZORI data",false,,
00612,PR,"Florida Municipio",72054,false,,false,,false,"No ZORI data",false,,
00612,PR,"Hatillo Municipio",72065,false,,false,,false,"No ZORI data",false,,
00612,PR,"Utuado Municipio",72141,false,,false,,false,"No ZORI data",false,,
00613,PR,"Arecibo Municipio",72013,false,,false,,false,"No ZORI data",false,,
00614,PR,"Arecibo Municipio",72013,false,,false,,false,"No ZORI data",false,,
00616,PR,"Arecibo Municipio",72013,false,,false,,false,"No ZORI data",false,,
00617,PR,"Barceloneta Municipio",72017,false,,false,,false,"No ZORI data",false,,
00617,PR,"Florida Municipio",72054,false,,false,,false,"No ZORI data",false,,
00617,PR,"Manatí Municipio",72091,false,,false,,false,"No ZORI data",false,,
00622,PR,"Cabo Rojo Municipio",72023,false,,false,,false,"No ZORI data",false,,
00623,PR,"Cabo Rojo Municipio",72023,false,,false,,false,"No ZORI data",false,,
00623,PR,"Mayagüez Municipio",72097,false,,false,,false,"No ZORI data",false,,
00624,PR,"Guayanilla Municipio",72059,false,,false,,false,"No ZORI data",false,,
00624,PR,"Peñuelas Municipio",72111,false,,false,,false,"No ZORI data",false,,
00624,PR,"Ponce Municipio",72113,false,,false,,false,"No ZORI data",false,,
00627,PR,"Camuy Municipio",72027,false,,false,,false,"No ZORI data",false,,
00631,PR,"Lares Municipio",72081,false,,false,,false,"No ZORI data",false,,
00637,PR,"Sabana Grande Municipio",72121,false,,false,,false,"No ZORI data",false,,
00638,PR,"Ciales Municipio",72039,false,,false,,false,"No ZORI data",false,,
00638,PR,"Orocovis Municipio",72107,false,,false,,false,"No ZORI data",false,,
00641,PR,"Ponce Municipio",72113,false,,false,,false,"No ZORI data",false,,
00641,PR,"Utuado Municipio",72141,false,,false,,false,"No ZORI data",false,,
00646,PR,"Dorado Municipio",72051,false,,false,,false,"No ZORI data",false,,
00646,PR,"Toa Alta Municipio",72135,false,,false,,false,"No ZORI data",false,,
00646,PR,"Toa Baja Municipio",72137,false,,false,,false,"No ZORI data",false,,
00646,PR,"Vega Alta Municipio",72143,false,,false,,false,"No ZORI data",false,,
00647,PR,"Guánica Municipio",72055,false,,false,,false,"No ZORI data",false,,
00647,PR,"Sabana Grande Municipio",72121,false,,false,,false,"No ZORI data",false,,
00650,PR,"Arecibo Municipio",72013,false,,false,,false,"No ZORI data",false,,
00650,PR,"Florida Municipio",72054,false,,false,,false,"No ZORI data",false,,
00652,PR,"Arecibo Municipio",72013,false,,false,,false,"No ZORI data",false,,
00653,PR,"Guánica Municipio",72055,false,,false,,false,"No ZORI data",false,,
00653,PR,"Yauco Municipio",72153,false,,false,,false,"No ZORI data",false,,
00656,PR,"Guayanilla Municipio",72059,false,,false,,false,"No ZORI data",false,,
00659,PR,"Arecibo Municipio",72013,false,,false,,false,"No ZORI data",false,,
00659,PR,"Hatillo Municipio",72065,false,,false,,false,"No ZORI data",false,,
00660,PR,"Hormigueros Municipio",72067,false,,false,,false,"No ZORI data",false,,
00660,PR,"Mayagüez Municipio",72097,false,,false,,false,"No ZORI data",false,,
00662,PR,"Aguadilla Municipio",72005,false,,false,,false,"No ZORI data",false,,
00662,PR,"Isabela Municipio",72071,false,,false,,false,"No ZORI data",false,,
00662,PR,"Moca Municipio",72099,false,,false,,false,"No ZORI data",false,,
00662,PR,"Quebradillas Municipio",72115,false,,false,,false,"No ZORI data",false,,
00664,PR,"Jayuya Municipio",72073,false,,false,,false,"No ZORI data",false,,
00667,PR,"Lajas Municipio",72079,false,,false,,false,"No ZORI data",false,,
00667,PR,"Sabana Grande Municipio",72121,false,,false,,false,"No ZORI data",false,,
00669,PR,"Lares Municipio",72081,false,,false,,false,"No ZORI data",false,,
00670,PR,"Las Marías Municipio",72083,false,,false,,false,"No ZORI data",false,,
00674,PR,"Barceloneta Municipio",72017,false,,false,,false,"No ZORI data",false,,
00674,PR,"Manatí Municipio",72091,false,,false,,false,"No ZORI data",false,,
00674,PR,"Morovis Municipio",72101,false,,false,,false,"No ZORI data",false,,
00674,PR,"Vega Baja Municipio",72145,false,,false,,false,"No ZORI data",false,,
00676,PR,"Moca Municipio",72099,false,,false,,false,"No ZORI data",false,,
00676,PR,"San Sebastián Municipio",72131,false,,false,,false,"No ZORI data",false,,
00677,PR,"Rincón Municipio",72117,false,,false,,false,"No ZORI data",false,,
00678,PR,"Quebradillas Municipio",72115,false,,false,,false,"No ZORI data",false,,
00680,PR,"Añasco Municipio",72011,false,,false,,false,"No ZORI data",false,,
00680,PR,"Cabo Rojo Municipio",72023,false,,false,,false,"No ZORI data",false,,
00680,PR,"Hormigueros Municipio",72067,false,,false,,false,"No ZORI data",false,,
00680,PR,"Mayagüez Municipio",72097,false,,false,,false,"No ZORI data",false,,
00681,PR,"Mayagüez Municipio",72097,false,,false,,false,"No ZORI data",false,,
00682,PR,"Mayagüez Municipio",72097,false,,false,,false,"No ZORI data",false,,
00683,PR,"Cabo Rojo Municipio",72023,false,,false,,false,"No ZORI data",false,,
00683,PR,"Hormigueros Municipio",72067,false,,false,,false,"No ZORI data",false,,
00683,PR,"Mayagüez Municipio",72097,false,,false,,false,"No ZORI data",false,,
00683,PR,"Sabana Grande Municipio",72121,false,,false,,false,"No ZORI data",false,,
00683,PR,"San Germán Municipio",72125,false,,false,,false,"No ZORI data",false,,
00685,PR,"San Sebastián Municipio",72131,false,,false,,false,"No ZORI data",false,,
00687,PR,"Corozal Municipio",72047,false,,false,,false,"No ZORI data",false,,
00687,PR,"Morovis Municipio",72101,false,,false,,false,"No ZORI data",false,,
00687,PR,"Vega Baja Municipio",72145,false,,false,,false,"No ZORI data",false,,
00688,PR,"Arecibo Municipio",72013,false,,false,,false,"No ZORI data",false,,
00690,PR,"Aguadilla Municipio",72005,false,,false,,false,"No ZORI data",false,,
00692,PR,"Dorado Municipio",72051,false,,false,,false,"No ZORI data",false,,
00692,PR,"Morovis Municipio",72101,false,,false,,false,"No ZORI data",false,,
00692,PR,"Vega Alta Municipio",72143,false,,false,,false,"No ZORI data",false,,
00692,PR,"Vega Baja Municipio",72145,false,,false,,false,"No ZORI data",false,,
00693,PR,"Manatí Municipio",72091,false,,false,,false,"No ZORI data",false,,
00693,PR,"Vega Alta Municipio",72143,false,,false,,false,"No ZORI data",false,,
00693,PR,"Vega Baja Municipio",72145,false,,false,,false,"No ZORI data",false,,
00694,PR,"Vega Baja Municipio",72145,false,,false,,false,"No ZORI data",false,,
00698,PR,"Guayanilla Municipio",72059,false,,false,,false,"No ZORI data",false,,
00698,PR,"Sabana Grande Municipio",72121,false,,false,,false,"No ZORI data",false,,
00698,PR,"Yauco Municipio",72153,false,,false,,false,"No ZORI data",false,,
00703,PR,"Aguas Buenas Municipio",72007,false,,false,,false,"No ZORI data",false,,
00704,PR,"Salinas Municipio",72123,false,,false,,false,"No ZORI data",false,,
00705,PR,"Aibonito Municipio",72009,false,,false,,false,"No ZORI data",false,,
00707,PR,"Maunabo Municipio",72095,false,,false,,false,"No ZORI data",false,,
00714,PR,"Arroyo Municipio",72015,false,,false,,false,"No ZORI data",false,,
00715,PR,"Juana Díaz Municipio",72075,false,,false,,false,"No ZORI data",false,,
00715,PR,"Ponce Municipio",72113,false,,false,,false,"No ZORI data",false,,
00716,PR,"Ponce Municipio",72113,false,,false,,false,"No ZORI data",false,,
00717,PR,"Ponce Municipio",72113,false,,false,,false,"No ZORI data",false,,
00718,PR,"Naguabo Municipio",72103,false,,false,,false,"No ZORI data",false,,
00719,PR,"Barranquitas Municipio",72019,false,,false,,false,"No ZORI data",false,,
00719,PR,"Naranjito Municipio",72105,false,,false,,false,"No ZORI data",false,,
00720,PR,"Juana Díaz Municipio",72075,false,,false,,false,"No ZORI data",false,,
00720,PR,"Orocovis Municipio",72107,false,,false,,false,"No ZORI data",false,,
00721,PR,"Río Grande Municipio",72119,false,,false,,false,"No ZORI data",false,,
00723,PR,"Patillas Municipio",72109,false,,false,,false,"No ZORI data",false,,
00725,PR,"Aguas Buenas Municipio",72007,false,,false,,false,"No ZORI data",false,,
00725,PR,"Caguas Municipio",72025,false,,false,,false,"No ZORI data",false,,
00725,PR,"Gurabo Municipio",72063,false,,false,,false,"No ZORI data",false,,
00725,PR,"San Lorenzo Municipio",72129,false,,false,,false,"No ZORI data",false,,
00726,PR,"Caguas Municipio",72025,false,,false,,false,"No ZORI data",false,,
00727,PR,"Caguas Municipio",72025,false,,false,,false,"No ZORI data",false,,
00728,PR,"Ponce Municipio",72113,false,,false,,false,"No ZORI data",false,,
00729,PR,"Canóvanas Municipio",72029,false,,false,,false,"No ZORI data",false,,
00729,PR,"Carolina Municipio",72031,false,,false,,false,"No ZORI data",false,,
00729,PR,"Gurabo Municipio",72063,false,,false,,false,"No ZORI data",false,,
00729,PR,"Loíza Municipio",72087,false,,false,,false,"No ZORI data",false,,
00729,PR,"Río Grande Municipio",72119,false,,false,,false,"No ZORI data",false,,
00730,PR,"Ponce Municipio",72113,false,,false,,false,"No ZORI data",false,,
00731,PR,"Ponce Municipio",72113,false,,false,,false,"No ZORI data",false,,
00732,PR,"Ponce Municipio",72113,false,,false,,false,"No ZORI data",false,,
00733,PR,"Ponce Municipio",72113,false,,false,,false,"No ZORI data",false,,
00735,PR,"Ceiba Municipio",72037,false,,false,,false,"No ZORI data",false,,
00735,PR,"Fajardo Municipio",72053,false,,false,,false,"No ZORI data",false,,
00736,PR,"Cayey Municipio",72035,false,,false,,false,"No ZORI data",false,,
00737,PR,"Cayey Municipio",72035,false,,false,,false,"No ZORI data",false,,
00738,PR,"Ceiba Municipio",72037,false,,false,,false,"No ZORI data",false,,
00738,PR,"Fajardo Municipio",72053,false,,false,,false,"No ZORI data",false,,
00738,PR,"Luquillo Municipio",72089,false,,false,,false,"No ZORI data",false,,
00739,PR,"Caguas Municipio",72025,false,,false,,false,"No ZORI data",false,,
00739,PR,"Cayey Municipio",72035,false,,false,,false,"No ZORI data",false,,
00739,PR,"Cidra Municipio",72041,false,,false,,false,"No ZORI data",false,,
00739,PR,"Comerío Municipio",72045,false,,false,,false,"No ZORI data",false,,
00740,PR,"Fajardo Municipio",72053,false,,false,,false,"No ZORI data",false,,
00741,PR,"Humacao Municipio",72069,false,,false,,false,"No ZORI data",false,,
00744,PR,"Naguabo Municipio",72103,false,,false,,false,"No ZORI data",false,,
00745,PR,"Canóvanas Municipio",72029,false,,false,,false,"No ZORI data",false,,
00745,PR,"Loíza Municipio",72087,false,,false,,false,"No ZORI data",false,,
00745,PR,"Río Grande Municipio",72119,false,,false,,false,"No ZORI data",false,,
00751,PR,"Salinas Municipio",72123,false,,false,,false,"No ZORI data",false,,
00754,PR,"Gurabo Municipio",72063,false,,false,,false,"No ZORI data",false,,
00754,PR,"San Lorenzo Municipio",72129,false,,false,,false,"No ZORI data",false,,
00757,PR,"Coamo Municipio",72043,false,,false,,false,"No ZORI data",false,,
00757,PR,"Santa Isabel Municipio",72133,false,,false,,false,"No ZORI data",false,,
00765,PR,"Vieques Municipio",72147,false,,false,,false,"No ZORI data",false,,
00766,PR,"Juana Díaz Municipio",72075,false,,false,,false,"No ZORI data",false,,
00766,PR,"Villalba Municipio",72149,false,,false,,false,"No ZORI data",false,,
00767,PR,"Yabucoa Municipio",72151,false,,false,,false,"No ZORI data",false,,
00769,PR,"Coamo Municipio",72043,false,,false,,false,"No ZORI data",false,,
00771,PR,"Juncos Municipio",72077,false,,false,,false,"No ZORI data",false,,
00771,PR,"Las Piedras Municipio",72085,false,,false,,false,"No ZORI data",false,,
00772,PR,"Canóvanas Municipio",72029,false,,false,,false,"No ZORI data",false,,
00772,PR,"Loíza Municipio",72087,false,,false,,false,"No ZORI data",false,,
00773,PR,"Fajardo Municipio",72053,false,,false,,false,"No ZORI data",false,,
00773,PR,"Luquillo Municipio",72089,false,,false,,false,"No ZORI data",false,,
00775,PR,"Culebra Municipio",72049,false,,false,,false,"No ZORI data",false,,
00777,PR,"Gurabo Municipio",72063,false,,false,,false,"No ZORI data",false,,
00777,PR,"Juncos Municipio",72077,false,,false,,false,"No ZORI data",false,,
00777,PR,"Las Piedras Municipio",72085,false,,false,,false,"No ZORI data",false,,
00777,PR,"San Lorenzo Municipio",72129,false,,false,,false,"No ZORI data",false,,
00778,PR,"Caguas Municipio",72025,false,,false,,false,"No ZORI data",false,,
00778,PR,"Gurabo Municipio",72063,false,,false,,false,"No ZORI data",false,,
00778,PR,"San Lorenzo Municipio",72129,false,,false,,false,"No ZORI data",false,,
00780,PR,"Ponce Municipio",72113,false,,false,,false,"No ZORI data",false,,
00782,PR,"Comerío Municipio",72045,false,,false,,false,"No ZORI data",false,,
00782,PR,"San Juan Municipio",72127,false,,false,,false,"No ZORI data",false,,
00783,PR,"Corozal Municipio",72047,false,,false,,false,"No ZORI data",false,,
00783,PR,"Toa Alta Municipio",72135,false,,false,,false,"No ZORI data",false,,
00784,PR,"Arroyo Municipio",72015,false,,false,,false,"No ZORI data",false,,
00784,PR,"Guayama Municipio",72057,false,,false,,false,"No ZORI data",false,,
00785,PR,"Guayama Municipio",72057,false,,false,,false,"No ZORI data",false,,
00786,PR,"Aibonito Municipio",72009,false,,false,,false,"No ZORI data",false,,
00791,PR,"Humacao Municipio",72069,false,,false,,false,"No ZORI data",false,,
00791,PR,"Las Piedras Municipio",72085,false,,false,,false,"No ZORI data",false,,
00791,PR,"Yabucoa Municipio",72151,false,,false,,false,"No ZORI data",false,,
00792,PR,"Humacao Municipio",72069,false,,false,,false,"No ZORI data",false,,
00794,PR,"Barranquitas Municipio",72019,false,,false,,false,"No ZORI data",false,,
00794,PR,"Corozal Municipio",72047,false,,false,,false,"No ZORI data",false,,
00795,PR,"Juana Díaz Municipio",72075,false,,false,,false,"No ZORI data",false,,
00795,PR,"Ponce Municipio",72113,false,,false,,false,"No ZORI data",false,,
00901,PR,"San Juan Municipio",72127,false,,false,,false,"No ZORI data",false,,
00902,PR,"San Juan Municipio",72127,false,,false,,false,"No ZORI data",false,,
00907,PR,"San Juan Municipio",72127,false,,false,,false,"No ZORI data",false,,
00908,PR,"San Juan Municipio",72127,false,,false,,false,"No ZORI data",false,,
00909,PR,"San Juan Municipio",72127,false,,false,,false,"No ZORI data",false,,
00910,PR,"San Juan Municipio",72127,false,,false,,false,"No ZORI data",false,,
00911,PR,"San Juan Municipio",72127,false,,false,,false,"No ZORI data",false,,
00912,PR,"San Juan Municipio",72127,false,,false,,false,"No ZORI data",false,,
00913,PR,"San Juan Municipio",72127,false,,false,,false,"No ZORI data",false,,
00914,PR,"San Juan Municipio",72127,false,,false,,false,"No ZORI data",false,,
00915,PR,"San Juan Municipio",72127,false,,false,,false,"No ZORI data",false,,
00916,PR,"San Juan Municipio",72127,false,,false,,false,"No ZORI data",false,,
00917,PR,"San Juan Municipio",72127,false,,false,,false,"No ZORI data",false,,
00918,PR,"San Juan Municipio",72127,false,,false,,false,"No ZORI data",false,,
00919,PR,"San Juan Municipio",72127,false,,false,,false,"No ZORI data",false,,
00920,PR,"Guaynabo Municipio",72061,false,,false,,false,"No ZORI data",false,,
00920,PR,"San Juan Municipio",72127,false,,false,,false,"No ZORI data",false,,
00921,PR,"Carolina Municipio",72031,false,,false,,false,"No ZORI data",false,,
00921,PR,"Guaynabo Municipio",72061,false,,false,,false,"No ZORI data",false,,
00921,PR,"San Juan Municipio",72127,false,,false,,false,"No ZORI data",false,,
00922,PR,"Guaynabo Municipio",72061,false,,false,,false,"No ZORI data",false,,
00923,PR,"San Juan Municipio",72127,false,,false,,false,"No ZORI data",false,,
00924,PR,"Bayamón Municipio",72021,false,,false,,false,"No ZORI data",false,,
00924,PR,"Carolina Municipio",72031,false,,false,,false,"No ZORI data",false,,
00924,PR,"San Juan Municipio",72127,false,,false,,false,"No ZORI data",false,,
00925,PR,"San Juan Municipio",72127,false,,false,,false,"No ZORI data",false,,
00926,PR,"Bayamón Municipio",72021,false,,false,,false,"No ZORI data",false,,
00926,PR,"Caguas Municipio",72025,false,,false,,false,"No ZORI data",false,,
00926,PR,"Carolina Municipio",72031,false,,false,,false,"No ZORI data",false,,
00926,PR,"Cataño Municipio",72033,false,,false,,false,"No ZORI data",false,,
00926,PR,"Guaynabo Municipio",72061,false,,false,,false,"No ZORI data",false,,
00926,PR,"San Juan Municipio",72127,false,,false,,false,"No ZORI data",false,,
00926,PR,"Trujillo Alto Municipio",72139,false,,false,,false,"No ZORI data",false,,
00927,PR,"San Juan Municipio",72127,false,,false,,false,"No ZORI data",false,,
00928,PR,"San Juan Municipio",72127,false,,false,,false,"No ZORI data",false,,
00929,PR,"San Juan Municipio",72127,false,,false,,false,"No ZORI data",false,,
00931,PR,"San Juan Municipio",72127,false,,false,,false,"No ZORI data",false,,
00934,PR,"Bayamón Municipio",72021,false,,false,,false,"No ZORI data",false,,
00934,PR,"Guaynabo Municipio",72061,false,,false,,false,"No ZORI data",false,,
00935,PR,"San Juan Municipio",72127,false,,false,,false,"No ZORI data",false,,
00936,PR,"San Juan Municipio",72127,false,,false,,false,"No ZORI data",false,,
00937,PR,"Carolina Municipio",72031,false,,false,,false,"No ZORI data",false,,
00940,PR,"San Juan Municipio",72127,false,,false,,false,"No ZORI data",false,,
00949,PR,"Bayamón Municipio",72021,false,,false,,false,"No ZORI data",false,,
00949,PR,"Dorado Municipio",72051,false,,false,,false,"No ZORI data",false,,
00949,PR,"Toa Alta Municipio",72135,false,,false,,false,"No ZORI data",false,,
00949,PR,"Toa Baja Municipio",72137,false,,false,,false,"No ZORI data",false,,
00950,PR,"Toa Baja Municipio",72137,false,,false,,false,"No ZORI data",false,,
00951,PR,"Toa Baja Municipio",72137,false,,false,,false,"No ZORI data",false,,
00952,PR,"Toa Baja Municipio",72137,false,,false,,false,"No ZORI data",false,,
00953,PR,"Bayamón Municipio",72021,false,,false,,false,"No ZORI data",false,,
00953,PR,"Corozal Municipio",72047,false,,false,,false,"No ZORI data",false,,
00953,PR,"Toa Alta Municipio",72135,false,,false,,false,"No ZORI data",false,,
00953,PR,"Toa Baja Municipio",72137,false,,false,,false,"No ZORI data",false,,
00954,PR,"Toa Alta Municipio",72135,false,,false,,false,"No ZORI data",false,,
00956,PR,"Aguas Buenas Municipio",72007,false,,false,,false,"No ZORI data",false,,
00956,PR,"Bayamón Municipio",72021,false,,false,,false,"No ZORI data",false,,
00956,PR,"Caguas Municipio",72025,false,,false,,false,"No ZORI data",false,,
00956,PR,"Cataño Municipio",72033,false,,false,,false,"No ZORI data",false,,
00956,PR,"San Juan Municipio",72127,false,,false,,false,"No ZORI data",false,,
00957,PR,"Bayamón Municipio",72021,false,,false,,false,"No ZORI data",false,,
00957,PR,"Cataño Municipio",72033,false,,false,,false,"No ZORI data",false,,
00957,PR,"San Juan Municipio",72127,false,,false,,false,"No ZORI data",false,,
00957,PR,"Toa Alta Municipio",72135,false,,false,,false,"No ZORI data",false,,
00957,PR,"Trujillo Alto Municipio",72139,false,,false,,false,"No ZORI data",false,,
00958,PR,"Bayamón Municipio",72021,false,,false,,false,"No ZORI data",false,,
00959,PR,"Bayamón Municipio",72021,false,,false,,false,"No ZORI data",false,,
00959,PR,"Guaynabo Municipio",72061,false,,false,,false,"No ZORI data",false,,
00959,PR,"San Juan Municipio",72127,false,,false,,false,"No ZORI data",false,,
00959,PR,"Trujillo Alto Municipio",72139,false,,false,,false,"No ZORI data",false,,
00960,PR,"Bayamón Municipio",72021,false,,false,,false,"No ZORI data",false,,
00961,PR,"Bayamón Municipio",72021,false,,false,,false,"No ZORI data",false,,
00961,PR,"Cataño Municipio",72033,false,,false,,false,"No ZORI data",false,,
00961,PR,"San Juan Municipio",72127,false,,false,,false,"No ZORI data",false,,
00961,PR,"Toa Baja Municipio",72137,false,,false,,false,"No ZORI data",false,,
00961,PR,"Trujillo Alto Municipio",72139,false,,false,,false,"No ZORI data",false,,
00962,PR,"Bayamón Municipio",72021,false,,false,,false,"No ZORI data",false,,
00962,PR,"Cataño Municipio",72033,false,,false,,false,"No ZORI data",false,,
00962,PR,"Guaynabo Municipio",72061,false,,false,,false,"No ZORI data",false,,
00962,PR,"San Juan Municipio",72127,false,,false,,false,"No ZORI data",false,,
00962,PR,"Trujillo Alto Municipio",72139,false,,false,,false,"No ZORI data",false,,
00963,PR,"Cataño Municipio",72033,false,,false,,false,"No ZORI data",false,,
00965,PR,"Cataño Municipio",72033,false,,false,,false,"No ZORI data",false,,
00965,PR,"Guaynabo Municipio",72061,false,,false,,false,"No ZORI data",false,,
00966,PR,"Bayamón Municipio",72021,false,,false,,false,"No ZORI data",false,,
00966,PR,"Guaynabo Municipio",72061,false,,false,,false,"No ZORI data",false,,
00968,PR,"Guaynabo Municipio",72061,false,,false,,false,"No ZORI data",false,,
00968,PR,"San Juan Municipio",72127,false,,false,,false,"No ZORI data",false,,
00969,PR,"Bayamón Municipio",72021,false,,false,,false,"No ZORI data",false,,
00969,PR,"Guaynabo Municipio",72061,false,,false,,false,"No ZORI data",false,,
00969,PR,"San Juan Municipio",72127,false,,false,,false,"No ZORI data",false,,
00969,PR,"Trujillo Alto Municipio",72139,false,,false,,false,"No ZORI data",false,,
00970,PR,"Guaynabo Municipio",72061,false,,false,,false,"No ZORI data",false,,
00971,PR,"Guaynabo Municipio",72061,false,,false,,false,"No ZORI data",false,,
00975,PR,"San Juan Municipio",72127,false,,false,,false,"No ZORI data",false,,
00976,PR,"Bayamón Municipio",72021,false,,false,,false,"No ZORI data",false,,
00976,PR,"Carolina Municipio",72031,false,,false,,false,"No ZORI data",false,,
00976,PR,"Cataño Municipio",72033,false,,false,,false,"No ZORI data",false,,
00976,PR,"San Juan Municipio",72127,false,,false,,false,"No ZORI data",false,,
00976,PR,"Trujillo Alto Municipio",72139,false,,false,,false,"No ZORI data",false,,
00977,PR,"Cataño Municipio",72033,false,,false,,false,"No ZORI data",false,,
00979,PR,"Carolina Municipio",72031,false,,false,,false,"No ZORI data",false,,
00981,PR,"Carolina Municipio",72031,false,,false,,false,"No ZORI data",false,,
00982,PR,"Carolina Municipio",72031,false,,false,,false,"No ZORI data",false,,
00983,PR,"Carolina Municipio",72031,false,,false,,false,"No ZORI data",false,,
00984,PR,"Carolina Municipio",72031,false,,false,,false,"No ZORI data",false,,
00985,PR,"Carolina Municipio",72031,false,,false,,false,"No ZORI data",false,,
00986,PR,"Carolina Municipio",72031,false,,false,,false,"No ZORI data",false,,
00987,PR,"Canóvanas Municipio",72029,false,,false,,false,"No ZORI data",false,,
00987,PR,"Carolina Municipio",72031,false,,false,,false,"No ZORI data",false,,
00987,PR,"San Juan Municipio",72127,false,,false,,false,"No ZORI data",false,,
00987,PR,"Trujillo Alto Municipio",72139,false,,false,,false,"No ZORI data",false,,
00988,PR,"Carolina Municipio",72031,false,,false,,false,"No ZORI data",false,,
02801,RI,"Newport",44005,false,,false,,false,"No ZORI data",false,,
02802,RI,"Providence",44007,false,,false,,false,"No ZORI data",false,,
02815,RI,"Providence",44007,false,,false,,false,"No ZORI data",false,,
02823,RI,"Providence",44007,false,,false,,false,"No ZORI data",false,,
02824,RI,"Providence",44007,false,,false,,false,"No ZORI data",false,,
02826,RI,"Providence",44007,false,,false,,false,"No ZORI data",false,,
02829,RI,"Providence",44007,false,,false,,false,"No ZORI data",false,,
02836,RI,"Washington",44009,false,,false,,false,"No ZORI data",false,,
02841,RI,"Newport",44005,false,,false,,false,"No ZORI data",false,,
02858,RI,"Providence",44007,false,,false,,false,"No ZORI data",false,,
02862,RI,"Providence",44007,false,,false,,false,"No ZORI data",false,,
00801,VI,"St. Thomas",78030,false,,false,,false,"No ZORI data",false,,
00802,VI,"St. Thomas",78030,false,,false,,false,"No ZORI data",false,,
00803,VI,"St. Thomas",78030,false,,false,,false,"No ZORI data",false,,
00804,VI,"St. Thomas",78030,false,,false,,false,"No ZORI data",false,,
00820,VI,"St. Croix",78010,false,,false,,false,"No ZORI data",false,,
00830,VI,"St. John",78020,false,,false,,false,"No ZORI data",false,,
00831,VI,"St. John",78020,false,,false,,false,"No ZORI data",false,,
00840,VI,"St. Croix",78010,false,,false,,false,"No ZORI data",false,,
00850,VI,"St. Croix",78010,false,,false,,false,"No ZORI data",false,,
01608,MA,"Worcester",25027,true,"Worcester, MA-CT",false,,false,"Not in investment_score",false,,