Here is the complete official list of all 65 metropolitan areas that HUD has designated as mandatory Small Area Fair Market Rent (SAFMR) areas — meaning public housing agencies (PHAs) in these areas must use ZIP-code-level SAFMRs for Housing Choice Voucher payment standards rather than broad FMRs. This list comes from HUD’s Designated Small Area Fair Market Rent (SAFMR) Areas dataset updated in August 2024: 
HUD User

✅ All 65 Mandatory SAFMR Metropolitan Areas (2025 Implementation)

Akron, OH MSA

Atlanta-Sandy Springs-Roswell, GA HUD Metro FMR Area

Augusta-Richmond County, GA-SC HUD Metro FMR Area

Beaumont-Port Arthur, TX MSA

Bergen-Passaic, NJ HUD Metro FMR Area

Birmingham-Hoover, AL HUD Metro FMR Area

Buffalo-Cheektowaga, NY MSA

Charleston-North Charleston, SC MSA

Charlotte-Concord-Gastonia, NC-SC HUD Metro FMR Area

Chattanooga, TN-GA MSA

Chicago-Joliet-Naperville, IL HUD Metro FMR Area

Cincinnati, OH-KY-IN HUD Metro FMR Area

Cleveland, OH HUD Metro FMR Area

Colorado Springs, CO HUD Metro FMR Area

Columbus, OH HUD Metro FMR Area

Dallas, TX HUD Metro FMR Area

Dayton-Kettering-Beavercreek, OH MSA

Des Moines-West Des Moines, IA HUD Metro FMR Area

Detroit-Warren-Livonia, MI HUD Metro FMR Area

Fort Lauderdale, FL HUD Metro FMR Area

Fort Wayne, IN MSA

Fort Worth-Arlington, TX HUD Metro FMR Area

Gary, IN HUD Metro FMR Area

Greensboro-High Point, NC HUD Metro FMR Area

Harrisburg-Carlisle, PA MSA

Hartford-West Hartford-East Hartford, CT HUD Metro FMR Area

Indianapolis-Carmel, IN HUD Metro FMR Area

Jackson, MS HUD Metro FMR Area

Jacksonville, FL HUD Metro FMR Area

Jersey City, NJ HUD Metro FMR Area

Kansas City, MO-KS HUD Metro FMR Area

Knoxville, TN HUD Metro FMR Area

Los Angeles-Long Beach-Glendale, CA HUD Metro FMR Area

Louisville, KY-IN HUD Metro FMR Area

Memphis, TN-MS-AR HUD Metro FMR Area

Miami-Miami Beach-Kendall, FL HUD Metro FMR Area

Mobile, AL HUD Metro FMR Area

Monmouth-Ocean, NJ HUD Metro FMR Area

Montgomery, AL MSA

Nashville-Davidson--Murfreesboro--Franklin, TN HUD Metro FMR Area

North Port-Bradenton-Sarasota, FL MSA

Oklahoma City, OK HUD Metro FMR Area

Omaha-Council Bluffs, NE-IA HUD Metro FMR Area

Orlando-Kissimmee-Sanford, FL MSA

Oxnard-Thousand Oaks-Ventura, CA MSA

Palm Bay-Melbourne-Titusville, FL MSA

Philadelphia-Camden-Wilmington, PA-NJ-DE-MD MSA

Phoenix-Mesa-Chandler, AZ MSA

Pittsburgh, PA HUD Metro FMR Area

Raleigh-Cary, NC MSA

Sacramento--Roseville--Arden-Arcade, CA HUD Metro FMR Area

San Antonio-New Braunfels, TX HUD Metro FMR Area

San Diego-Chula Vista-Carlsbad, CA MSA

San Jose-Sunnyvale-Santa Clara, CA HUD Metro FMR Area

Seattle-Bellevue, WA HUD Metro FMR Area

St. Louis, MO-IL HUD Metro FMR Area

Tampa-St. Petersburg-Clearwater, FL MSA

Tucson, AZ MSA

Tulsa, OK HUD Metro FMR Area

Urban Honolulu, HI MSA

Virginia Beach-Norfolk-Newport News, VA-NC HUD Metro FMR Area

Washington-Arlington-Alexandria, DC-VA-MD HUD Metro FMR Area

West Palm Beach-Boca Raton, FL HUD Metro FMR Area

Wichita, KS HUD Metro FMR Area

Winston-Salem, NC HUD Metro FMR Area 
HUD User

📌 Notes

These include the original 24 metropolitan areas designated under HUD’s 2016 SAFMR Final Rule and an additional 41 areas designated in a 2023 notice, with full implementation required by January 1, 2025. 
HUD
+1

PHAs in these areas must use SAFMRs for tenant-based Housing Choice Voucher payment standards, though there are some exceptions (e.g., certain Moving to Work PHAs). 
HUD

If you want, I can break this down by state or region, or tell you which ones were in the original 24 versus the 41 newly added.